city	scope	metric	method	population	estimate_95ci	n_flood_days	n_records
ho_chi_minh	all	D1	model	overall	0.229 [0.000, 0.542]	8	33
ho_chi_minh	all	D1	model	NEW	0.250 [0.000, 0.625]	8	33
ho_chi_minh	all	D3_flood	model	overall	0.031 [0.000, 0.081]	8	33
ho_chi_minh	all	D3_flood	model	NEW	0.031 [0.000, 0.081]	8	33
ho_chi_minh	all	D3_rain_no_report	model	overall	0.036 [0.031, 0.041]	8	33
ho_chi_minh	all	D3_rain_no_report	model	NEW	0.035 [0.030, 0.040]	8	33
ho_chi_minh	all	D3_dry	model	overall	0.017 [0.012, 0.024]	8	33
ho_chi_minh	all	D3_dry	model	NEW	0.017 [0.012, 0.023]	8	33
ho_chi_minh	all	D1	history	overall	0.362 [0.196, 0.517]	8	33
ho_chi_minh	all	D1	history	NEW	0.000 [0.000, 0.000]	8	33
ho_chi_minh	all	D3_flood	history	overall	0.002 [0.002, 0.002]	8	33
ho_chi_minh	all	D3_flood	history	NEW	0.000 [0.000, 0.000]	8	33
ho_chi_minh	all	D3_rain_no_report	history	overall	0.002 [0.002, 0.002]	8	33
ho_chi_minh	all	D3_rain_no_report	history	NEW	0.000 [0.000, 0.000]	8	33
ho_chi_minh	all	D3_dry	history	overall	0.002 [0.002, 0.002]	8	33
ho_chi_minh	all	D3_dry	history	NEW	0.000 [0.000, 0.000]	8	33
ho_chi_minh	all	D1	hybrid	overall	0.250 [0.000, 0.625]	8	33
ho_chi_minh	all	D1	hybrid	NEW	0.250 [0.000, 0.625]	8	33
ho_chi_minh	all	D3_flood	hybrid	overall	0.031 [0.000, 0.081]	8	33
ho_chi_minh	all	D3_flood	hybrid	NEW	0.031 [0.000, 0.081]	8	33
ho_chi_minh	all	D3_rain_no_report	hybrid	overall	0.036 [0.031, 0.041]	8	33
ho_chi_minh	all	D3_rain_no_report	hybrid	NEW	0.035 [0.030, 0.040]	8	33
ho_chi_minh	all	D3_dry	hybrid	overall	0.017 [0.012, 0.024]	8	33
ho_chi_minh	all	D3_dry	hybrid	NEW	0.017 [0.012, 0.023]	8	33
ho_chi_minh	all	D2_history_count	model	overall	0.140 [0.031, 0.265]	8	33
ho_chi_minh	all	D2_history_count	model	NEW	0.094 [0.000, 0.219]	8	33
ho_chi_minh	all	D2_history_count	history	overall	0.425 [0.229, 0.592]	8	33
ho_chi_minh	all	D2_history_count	history	NEW	0.000 [0.000, 0.000]	8	33
ho_chi_minh	all	D2_history_count	hybrid	overall	0.425 [0.229, 0.592]	8	33
ho_chi_minh	all	D2_history_count	hybrid	NEW	0.000 [0.000, 0.000]	8	33
ho_chi_minh	all	D2_5pct	model	overall	0.683 [0.469, 0.871]	8	33
ho_chi_minh	all	D2_5pct	model	NEW	0.552 [0.302, 0.802]	8	33
ho_chi_minh	all	D2_5pct	history	overall	0.425 [0.229, 0.592]	8	33
ho_chi_minh	all	D2_5pct	history	NEW	0.000 [0.000, 0.000]	8	33
ho_chi_minh	all	D2_5pct	hybrid	overall	0.725 [0.500, 0.892]	8	33
ho_chi_minh	all	D2_5pct	hybrid	NEW	0.552 [0.302, 0.802]	8	33
ho_chi_minh	all	D2_20pct	model	overall	0.938 [0.854, 1.000]	8	33
ho_chi_minh	all	D2_20pct	model	NEW	0.875 [0.625, 1.000]	8	33
ho_chi_minh	all	D2_20pct	history	overall	0.425 [0.229, 0.592]	8	33
ho_chi_minh	all	D2_20pct	history	NEW	0.000 [0.000, 0.000]	8	33
ho_chi_minh	all	D2_20pct	hybrid	overall	0.958 [0.875, 1.000]	8	33
ho_chi_minh	all	D2_20pct	hybrid	NEW	0.875 [0.625, 1.000]	8	33
ho_chi_minh	all	D6_top5	hybrid	overall	0.725 [0.500, 0.892]	8	33
ho_chi_minh	all	D6_top5	hybrid	NEW	0.552 [0.302, 0.802]	8	33
ho_chi_minh	all	D6_top20	hybrid	overall	0.958 [0.875, 1.000]	8	33
ho_chi_minh	all	D6_top20	hybrid	NEW	0.875 [0.625, 1.000]	8	33
ho_chi_minh	in_universe	D1	model	overall	0.167 [0.000, 0.417]	8	33
ho_chi_minh	in_universe	D1	model	NEW	0.214 [0.000, 0.500]	8	33
ho_chi_minh	in_universe	D3_flood	model	overall	0.031 [0.000, 0.081]	8	33
ho_chi_minh	in_universe	D3_flood	model	NEW	0.031 [0.000, 0.080]	8	33
ho_chi_minh	in_universe	D3_rain_no_report	model	overall	0.036 [0.031, 0.041]	8	33
ho_chi_minh	in_universe	D3_rain_no_report	model	NEW	0.035 [0.030, 0.040]	8	33
ho_chi_minh	in_universe	D3_dry	model	overall	0.018 [0.012, 0.024]	8	33
ho_chi_minh	in_universe	D3_dry	model	NEW	0.017 [0.012, 0.024]	8	33
ho_chi_minh	in_universe	D1	history	overall	0.383 [0.208, 0.529]	8	33
ho_chi_minh	in_universe	D1	history	NEW	0.000 [0.000, 0.000]	8	33
ho_chi_minh	in_universe	D3_flood	history	overall	0.004 [0.004, 0.004]	8	33
ho_chi_minh	in_universe	D3_flood	history	NEW	0.000 [0.000, 0.000]	8	33
ho_chi_minh	in_universe	D3_rain_no_report	history	overall	0.004 [0.004, 0.004]	8	33
ho_chi_minh	in_universe	D3_rain_no_report	history	NEW	0.000 [0.000, 0.000]	8	33
ho_chi_minh	in_universe	D3_dry	history	overall	0.004 [0.004, 0.004]	8	33
ho_chi_minh	in_universe	D3_dry	history	NEW	0.000 [0.000, 0.000]	8	33
ho_chi_minh	in_universe	D1	hybrid	overall	0.208 [0.000, 0.500]	8	33
ho_chi_minh	in_universe	D1	hybrid	NEW	0.214 [0.000, 0.500]	8	33
ho_chi_minh	in_universe	D3_flood	hybrid	overall	0.031 [0.000, 0.081]	8	33
ho_chi_minh	in_universe	D3_flood	hybrid	NEW	0.031 [0.000, 0.080]	8	33
ho_chi_minh	in_universe	D3_rain_no_report	hybrid	overall	0.036 [0.031, 0.041]	8	33
ho_chi_minh	in_universe	D3_rain_no_report	hybrid	NEW	0.034 [0.029, 0.040]	8	33
ho_chi_minh	in_universe	D3_dry	hybrid	overall	0.018 [0.012, 0.024]	8	33
ho_chi_minh	in_universe	D3_dry	hybrid	NEW	0.017 [0.012, 0.024]	8	33
ho_chi_minh	in_universe	D2_history_count	model	overall	0.140 [0.031, 0.265]	8	33
ho_chi_minh	in_universe	D2_history_count	model	NEW	0.107 [0.000, 0.250]	8	33
ho_chi_minh	in_universe	D2_history_count	history	overall	0.467 [0.246, 0.688]	8	33
ho_chi_minh	in_universe	D2_history_count	history	NEW	0.000 [0.000, 0.000]	8	33
ho_chi_minh	in_universe	D2_history_count	hybrid	overall	0.467 [0.246, 0.688]	8	33
ho_chi_minh	in_universe	D2_history_count	hybrid	NEW	0.000 [0.000, 0.000]	8	33
ho_chi_minh	in_universe	D2_5pct	model	overall	0.494 [0.269, 0.723]	8	33
ho_chi_minh	in_universe	D2_5pct	model	NEW	0.536 [0.250, 0.821]	8	33
ho_chi_minh	in_universe	D2_5pct	history	overall	0.467 [0.246, 0.688]	8	33
ho_chi_minh	in_universe	D2_5pct	history	NEW	0.000 [0.000, 0.000]	8	33
ho_chi_minh	in_universe	D2_5pct	hybrid	overall	0.733 [0.510, 0.927]	8	33
ho_chi_minh	in_universe	D2_5pct	hybrid	NEW	0.536 [0.250, 0.821]	8	33
ho_chi_minh	in_universe	D2_20pct	model	overall	0.810 [0.569, 0.979]	8	33
ho_chi_minh	in_universe	D2_20pct	model	NEW	0.798 [0.512, 1.000]	8	33
ho_chi_minh	in_universe	D2_20pct	history	overall	0.467 [0.246, 0.688]	8	33
ho_chi_minh	in_universe	D2_20pct	history	NEW	0.000 [0.000, 0.000]	8	33
ho_chi_minh	in_universe	D2_20pct	hybrid	overall	0.831 [0.594, 1.000]	8	33
ho_chi_minh	in_universe	D2_20pct	hybrid	NEW	0.798 [0.512, 1.000]	8	33
ho_chi_minh	in_universe	D6_top5	hybrid	overall	0.733 [0.510, 0.927]	8	33
ho_chi_minh	in_universe	D6_top5	hybrid	NEW	0.536 [0.250, 0.821]	8	33
ho_chi_minh	in_universe	D6_top20	hybrid	overall	0.831 [0.594, 1.000]	8	33
ho_chi_minh	in_universe	D6_top20	hybrid	NEW	0.798 [0.512, 1.000]	8	33
ho_chi_minh	day	trigger_rain_auc	IFS_trigger	all_days	0.635 [0.543, 0.749]	8	33
ho_chi_minh	day	trigger_tide_auc	astronomical_tide	tide_days	0.876 [0.733, 0.998]	3	15
ho_chi_minh	day	rain_state_quiet	IFS_trigger	locked_flood_days	0.875 [0.625, 1.000]	8	33
ho_chi_minh	day	rain_state_watch	IFS_trigger	locked_flood_days	0.125 [0.000, 0.375]	8	33
ho_chi_minh	day	rain_state_alert	IFS_trigger	locked_flood_days	0.000 [0.000, 0.000]	8	33
ho_chi_minh	day	rain_on_rain_days_state_quiet	IFS_trigger	locked_flood_days	0.833 [0.500, 1.000]	6	33
ho_chi_minh	day	rain_on_rain_days_state_watch	IFS_trigger	locked_flood_days	0.167 [0.000, 0.500]	6	33
ho_chi_minh	day	rain_on_rain_days_state_alert	IFS_trigger	locked_flood_days	0.000 [0.000, 0.000]	6	33
ho_chi_minh	day	tide_state_quiet	tide_trigger	locked_tide_days	0.667 [0.000, 1.000]	3	15
ho_chi_minh	day	tide_state_watch	tide_trigger	locked_tide_days	0.000 [0.000, 0.000]	3	15
ho_chi_minh	day	tide_state_alert	tide_trigger	locked_tide_days	0.333 [0.000, 1.000]	3	15
ho_chi_minh	all	D6_undated_top5	hybrid	test_locked_undated	0.786 (no interval; undated)	0	14
ho_chi_minh	all	D6_undated_top20	hybrid	test_locked_undated	0.929 (no interval; undated)	0	14
ho_chi_minh	in_universe	D6_undated_top5	hybrid	test_locked_undated	0.571 (no interval; undated)	0	14
ho_chi_minh	in_universe	D6_undated_top20	hybrid	test_locked_undated	0.857 (no interval; undated)	0	14
ho_chi_minh	all	D4_alert_index_auc	model	all_days	0.459 [0.313, 0.635]	8	33
ho_chi_minh	all	D4_alert_index_auc	history	all_days	0.500 [0.500, 0.500]	8	33
ho_chi_minh	all	D4_alert_index_auc	hybrid	all_days	0.459 [0.313, 0.635]	8	33
ho_chi_minh	in_universe	D4_alert_index_auc	model	all_days	0.459 [0.313, 0.635]	8	33
ho_chi_minh	in_universe	D4_alert_index_auc	history	all_days	0.500 [0.500, 0.500]	8	33
ho_chi_minh	in_universe	D4_alert_index_auc	hybrid	all_days	0.459 [0.313, 0.635]	8	33
da_nang	all	D1	model	overall	0.426 [0.260, 0.604]	18	86
da_nang	all	D1	model	NEW	0.399 [0.219, 0.588]	18	86
da_nang	all	D3_flood	model	overall	0.114 [0.078, 0.150]	18	86
da_nang	all	D3_flood	model	NEW	0.103 [0.068, 0.138]	18	86
da_nang	all	D3_rain_no_report	model	overall	0.039 [0.030, 0.047]	18	86
da_nang	all	D3_rain_no_report	model	NEW	0.033 [0.025, 0.041]	18	86
da_nang	all	D3_dry	model	overall	0.013 [0.011, 0.016]	18	86
da_nang	all	D3_dry	model	NEW	0.011 [0.009, 0.013]	18	86
da_nang	all	D1	history	overall	0.155 [0.048, 0.289]	18	86
da_nang	all	D1	history	NEW	0.000 [0.000, 0.000]	18	86
da_nang	all	D3_flood	history	overall	0.020 [0.020, 0.020]	18	86
da_nang	all	D3_flood	history	NEW	0.000 [0.000, 0.000]	18	86
da_nang	all	D3_rain_no_report	history	overall	0.020 [0.020, 0.020]	18	86
da_nang	all	D3_rain_no_report	history	NEW	0.000 [0.000, 0.000]	18	86
da_nang	all	D3_dry	history	overall	0.020 [0.020, 0.020]	18	86
da_nang	all	D3_dry	history	NEW	0.000 [0.000, 0.000]	18	86
da_nang	all	D1	hybrid	overall	0.454 [0.301, 0.617]	18	86
da_nang	all	D1	hybrid	NEW	0.340 [0.170, 0.519]	18	86
da_nang	all	D3_flood	hybrid	overall	0.114 [0.078, 0.150]	18	86
da_nang	all	D3_flood	hybrid	NEW	0.097 [0.061, 0.133]	18	86
da_nang	all	D3_rain_no_report	hybrid	overall	0.039 [0.030, 0.047]	18	86
da_nang	all	D3_rain_no_report	hybrid	NEW	0.029 [0.021, 0.037]	18	86
da_nang	all	D3_dry	hybrid	overall	0.013 [0.011, 0.016]	18	86
da_nang	all	D3_dry	hybrid	NEW	0.009 [0.007, 0.011]	18	86
da_nang	all	D2_history_count	model	overall	0.083 [0.006, 0.202]	18	86
da_nang	all	D2_history_count	model	NEW	0.079 [0.000, 0.206]	18	86
da_nang	all	D2_history_count	history	overall	0.155 [0.048, 0.289]	18	86
da_nang	all	D2_history_count	history	NEW	0.000 [0.000, 0.000]	18	86
da_nang	all	D2_history_count	hybrid	overall	0.155 [0.048, 0.289]	18	86
da_nang	all	D2_history_count	hybrid	NEW	0.000 [0.000, 0.000]	18	86
da_nang	all	D2_5pct	model	overall	0.302 [0.139, 0.489]	18	86
da_nang	all	D2_5pct	model	NEW	0.285 [0.100, 0.491]	18	86
da_nang	all	D2_5pct	history	overall	0.155 [0.048, 0.289]	18	86
da_nang	all	D2_5pct	history	NEW	0.000 [0.000, 0.000]	18	86
da_nang	all	D2_5pct	hybrid	overall	0.366 [0.211, 0.544]	18	86
da_nang	all	D2_5pct	hybrid	NEW	0.226 [0.062, 0.424]	18	86
da_nang	all	D2_20pct	model	overall	0.599 [0.434, 0.771]	18	86
da_nang	all	D2_20pct	model	NEW	0.551 [0.381, 0.737]	18	86
da_nang	all	D2_20pct	history	overall	0.155 [0.048, 0.289]	18	86
da_nang	all	D2_20pct	history	NEW	0.000 [0.000, 0.000]	18	86
da_nang	all	D2_20pct	hybrid	overall	0.599 [0.434, 0.771]	18	86
da_nang	all	D2_20pct	hybrid	NEW	0.551 [0.381, 0.737]	18	86
da_nang	all	D6_top5	hybrid	overall	0.361 [0.205, 0.541]	18	86
da_nang	all	D6_top5	hybrid	NEW	0.226 [0.060, 0.423]	18	86
da_nang	all	D6_top20	hybrid	overall	0.594 [0.428, 0.770]	18	86
da_nang	all	D6_top20	hybrid	NEW	0.550 [0.380, 0.735]	18	86
da_nang	in_universe	D1	model	overall	0.384 [0.217, 0.560]	18	86
da_nang	in_universe	D1	model	NEW	0.301 [0.121, 0.490]	18	86
da_nang	in_universe	D3_flood	model	overall	0.114 [0.078, 0.150]	18	86
da_nang	in_universe	D3_flood	model	NEW	0.099 [0.065, 0.133]	18	86
da_nang	in_universe	D3_rain_no_report	model	overall	0.039 [0.030, 0.047]	18	86
da_nang	in_universe	D3_rain_no_report	model	NEW	0.031 [0.023, 0.039]	18	86
da_nang	in_universe	D3_dry	model	overall	0.013 [0.011, 0.016]	18	86
da_nang	in_universe	D3_dry	model	NEW	0.010 [0.008, 0.012]	18	86
da_nang	in_universe	D1	history	overall	0.177 [0.058, 0.327]	18	86
da_nang	in_universe	D1	history	NEW	0.000 [0.000, 0.000]	18	86
da_nang	in_universe	D3_flood	history	overall	0.028 [0.028, 0.028]	18	86
da_nang	in_universe	D3_flood	history	NEW	0.000 [0.000, 0.000]	18	86
da_nang	in_universe	D3_rain_no_report	history	overall	0.028 [0.028, 0.028]	18	86
da_nang	in_universe	D3_rain_no_report	history	NEW	0.000 [0.000, 0.000]	18	86
da_nang	in_universe	D3_dry	history	overall	0.028 [0.028, 0.028]	18	86
da_nang	in_universe	D3_dry	history	NEW	0.000 [0.000, 0.000]	18	86
da_nang	in_universe	D1	hybrid	overall	0.321 [0.169, 0.498]	18	86
da_nang	in_universe	D1	hybrid	NEW	0.167 [0.045, 0.320]	18	86
da_nang	in_universe	D3_flood	hybrid	overall	0.114 [0.078, 0.150]	18	86
da_nang	in_universe	D3_flood	hybrid	NEW	0.090 [0.054, 0.125]	18	86
da_nang	in_universe	D3_rain_no_report	hybrid	overall	0.039 [0.030, 0.047]	18	86
da_nang	in_universe	D3_rain_no_report	hybrid	NEW	0.025 [0.017, 0.032]	18	86
da_nang	in_universe	D3_dry	hybrid	overall	0.013 [0.011, 0.016]	18	86
da_nang	in_universe	D3_dry	hybrid	NEW	0.007 [0.005, 0.009]	18	86
da_nang	in_universe	D2_history_count	model	overall	0.093 [0.009, 0.224]	18	86
da_nang	in_universe	D2_history_count	model	NEW	0.090 [0.000, 0.230]	18	86
da_nang	in_universe	D2_history_count	history	overall	0.177 [0.058, 0.327]	18	86
da_nang	in_universe	D2_history_count	history	NEW	0.000 [0.000, 0.000]	18	86
da_nang	in_universe	D2_history_count	hybrid	overall	0.177 [0.058, 0.327]	18	86
da_nang	in_universe	D2_history_count	hybrid	NEW	0.000 [0.000, 0.000]	18	86
da_nang	in_universe	D2_5pct	model	overall	0.312 [0.140, 0.500]	18	86
da_nang	in_universe	D2_5pct	model	NEW	0.262 [0.078, 0.456]	18	86
da_nang	in_universe	D2_5pct	history	overall	0.177 [0.058, 0.327]	18	86
da_nang	in_universe	D2_5pct	history	NEW	0.000 [0.000, 0.000]	18	86
da_nang	in_universe	D2_5pct	hybrid	overall	0.277 [0.131, 0.455]	18	86
da_nang	in_universe	D2_5pct	hybrid	NEW	0.112 [0.007, 0.256]	18	86
da_nang	in_universe	D2_20pct	model	overall	0.571 [0.362, 0.768]	18	86
da_nang	in_universe	D2_20pct	model	NEW	0.501 [0.287, 0.723]	18	86
da_nang	in_universe	D2_20pct	history	overall	0.177 [0.058, 0.327]	18	86
da_nang	in_universe	D2_20pct	history	NEW	0.000 [0.000, 0.000]	18	86
da_nang	in_universe	D2_20pct	hybrid	overall	0.571 [0.362, 0.768]	18	86
da_nang	in_universe	D2_20pct	hybrid	NEW	0.501 [0.287, 0.723]	18	86
da_nang	in_universe	D6_top5	hybrid	overall	0.271 [0.125, 0.451]	18	86
da_nang	in_universe	D6_top5	hybrid	NEW	0.112 [0.006, 0.256]	18	86
da_nang	in_universe	D6_top20	hybrid	overall	0.575 [0.362, 0.771]	18	86
da_nang	in_universe	D6_top20	hybrid	NEW	0.512 [0.300, 0.733]	18	86
da_nang	day	trigger_rain_auc	IFS_trigger	all_days	0.906 [0.852, 0.955]	18	86
da_nang	day	rain_state_quiet	IFS_trigger	locked_flood_days	0.056 [0.000, 0.167]	18	86
da_nang	day	rain_state_watch	IFS_trigger	locked_flood_days	0.500 [0.278, 0.722]	18	86
da_nang	day	rain_state_alert	IFS_trigger	locked_flood_days	0.444 [0.222, 0.667]	18	86
da_nang	day	rain_on_rain_days_state_quiet	IFS_trigger	locked_flood_days	0.056 [0.000, 0.167]	18	86
da_nang	day	rain_on_rain_days_state_watch	IFS_trigger	locked_flood_days	0.500 [0.278, 0.722]	18	86
da_nang	day	rain_on_rain_days_state_alert	IFS_trigger	locked_flood_days	0.444 [0.222, 0.667]	18	86
da_nang	all	D4_alert_index_auc	model	all_days	0.875 [0.796, 0.932]	18	86
da_nang	all	D4_alert_index_auc	history	all_days	0.500 [0.500, 0.500]	18	86
da_nang	all	D4_alert_index_auc	hybrid	all_days	0.875 [0.796, 0.932]	18	86
da_nang	in_universe	D4_alert_index_auc	model	all_days	0.875 [0.796, 0.932]	18	86
da_nang	in_universe	D4_alert_index_auc	history	all_days	0.500 [0.500, 0.500]	18	86
da_nang	in_universe	D4_alert_index_auc	hybrid	all_days	0.875 [0.796, 0.932]	18	86
