timestamp	git_short_hash	scorer	description	PRIMARY	PRIMARY_ci	HEADLINE	HEADLINE_ci	HEADLINE2	T1_strat_recall_at_10	T1_recall_at_10	T1_strat_auc	T1_auc	T2_strat_recall_at_10	T2_recall_at_10	T2_strat_auc	T2_auc	T3_strat_recall_at_10	T3_recall_at_10	T3_strat_auc	T3_auc	T4_strat_recall_at_10	T4_recall_at_10	T4_strat_auc	T4_auc	T5_strat_recall_at_10	T5_recall_at_10	T5_strat_auc	T5_auc	runtime_seconds	peak_rss_mb	n_features	status	decision	vs_best
2026-10-06T03:54:14.123405+07:00	cd7a750	road_class	Road class rank is a reporting-bias-only baseline.			0.0557082		0.07842246	0.03860466	0.17201603	0.48224782	0.57301368	0.04419822	0.73437907	0.48429633	0.85428696	0.0843217	0.5320307	0.50616302	0.76824631	0.04419822	0.73437907	0.48429633	0.85428696	0.03860466	0.17201603	0.48224782	0.57301368	21.218	1479.95	1	ok	baseline
2026-10-06T03:55:49.800382+07:00	cd7a750	random	Seeded random scores establish the chance baseline.			0.09551243		0.09499269	0.08607595	0.08607595	0.49724205	0.49599243	0.1011236	0.09550562	0.49786936	0.49634314	0.09933775	0.09933775	0.48047032	0.480842	0.09550562	0.10674157	0.4994907	0.50036939	0.11139241	0.11255696	0.48291298	0.48230003	52.237	1501.14	0	ok	baseline
2026-10-06T03:57:06.975873+07:00	cd7a750	elev_low	Lowest FABDEM route elevation baseline.			0.12535286		0.16843512	0.0556962	0.06329114	0.47410991	0.4863377	0.08426966	0.12359551	0.53287901	0.56778619	0.23609272	0.2781457	0.73166226	0.75664619	0.08426966	0.12359551	0.53288338	0.56779634	0.0556962	0.06329114	0.47409516	0.48632321	76.767	1482.38	1	ok	baseline
2026-10-06T03:57:28.409641+07:00	cd7a750	near_water	Proximity to any OSM water feature baseline.			0.1582111		0.20133102	0.09873376	0.1058524	0.48320726	0.49713211	0.1038667	0.15961597	0.55643278	0.62479165	0.27203285	0.36666408	0.77529333	0.82068681	0.1038667	0.15961597	0.55645026	0.6247986	0.09873376	0.1058524	0.48321899	0.49714716	21.073	1496.58	1	ok	baseline
2026-10-06T03:57:50.018828+07:00	cd7a750	road_class	Road class rank is a reporting-bias-only baseline.			0.0557082		0.07842246	0.03860466	0.17201603	0.48224782	0.57301368	0.04419822	0.73437907	0.48429633	0.85428696	0.0843217	0.5320307	0.50616302	0.76824631	0.04419822	0.73437907	0.48429633	0.85428696	0.03860466	0.17201603	0.48224782	0.57301368	21.251	1476.2	1	ok	baseline
2026-10-06T03:58:11.643756+07:00	cd7a750	builtup	Built-up fraction baseline for dense-settlement reporting bias.			0.1712373		0.09153271	0.30231224	0.30327167	0.76432296	0.76608593	0.15383895	0.2247191	0.70008736	0.73486984	0.05756071	0.07284768	0.5247173	0.5587363	0.15383895	0.2247191	0.7000851	0.7348672	0.30231224	0.30327167	0.76432637	0.76608732	21.267	1506.58	1	ok	baseline
2026-10-06T03:59:43.768093+07:00	cd7a750	logreg_design	Regularized logistic regression on the design section 4.2 inputs.			0.39054995		0.3013359	0.31139241	0.30379747	0.75316717	0.75791223	0.33707865	0.75842697	0.75781617	0.88105988	0.52317881	0.72847682	0.86047132	0.92015406	0.30337079	0.80337079	0.74692092	0.91490623	0.33797468	0.4	0.75950036	0.77816502	91.322	1574.3	22	ok	baseline
2026-10-06T04:01:01.400409+07:00	cd7a750	lgbm_design	Small strongly regularized LightGBM on design section 4.2 inputs.			0.35300883		0.2651691	0.30632911	0.31898734	0.70666594	0.70618579	0.30898876	0.47191011	0.73510528	0.81745677	0.44370861	0.65562914	0.8229925	0.90007889	0.26966292	0.79775281	0.73289733	0.90842276	0.37468354	0.43797468	0.80049064	0.81463981	77.136	1476.76	22	ok	baseline
2026-10-06T04:02:29.935304+07:00	cd7a750	lgbm_all	Regularized LightGBM using all raw route features.			0.49682372		0.40025598	0.43797468	0.41518987	0.81089448	0.80534296	0.41011236	0.69101124	0.80255496	0.90392976	0.64238411	0.74834437	0.87893766	0.93147878	0.3988764	0.80337079	0.7914226	0.92931224	0.49620253	0.55443038	0.86527549	0.87672987	88.042	1482.54	124	ok	baseline
2026-10-06T04:04:00.699657+07:00	cd7a750	lgbm_all_cityrank	Regularized LightGBM using city-rank features and road class.			0.46301967		0.38214705	0.41822785	0.42278481	0.80300303	0.79826233	0.34831461	0.62921348	0.78748219	0.88151656	0.62251656	0.75496689	0.87683658	0.92931434	0.39325843	0.79775281	0.78973192	0.92643392	0.49367089	0.53670886	0.85619438	0.86834496	90.27	1494.59	123	ok	baseline
2026-10-06T04:05:30.768256+07:00	cd7a750	lgbm_phys_cityrank	LightGBM on city-rank terrain, water and non-built-up land cover only.			0.45802747		0.36358015	0.42151899	0.46151899	0.80095302	0.81299085	0.37640449	0.62359551	0.78995898	0.88148874	0.57615894	0.66225166	0.86545053	0.90417832	0.37640449	0.6011236	0.76511104	0.85875743	0.47848101	0.5164557	0.84025783	0.8505156	89.575	1492.46	100	ok	baseline
2026-10-06T04:08:08.827584+07:00	cd7a750	random	Seeded random scores establish the chance baseline.			0.09551243		0.09499269	0.08607595	0.08607595	0.49724205	0.49599243	0.1011236	0.09550562	0.49786936	0.49634314	0.09933775	0.09933775	0.48047032	0.480842	0.09550562	0.10674157	0.4994907	0.50036939	0.11139241	0.11255696	0.48291298	0.48230003	50.893	1854.79	0	ok	baseline
2026-10-06T04:08:08.830912+07:00	cd7a750	road_class	Road class rank is a reporting-bias-only baseline.			0.0557082		0.07842246	0.03860466	0.17201603	0.48224782	0.57301368	0.04419822	0.73437907	0.48429633	0.85428696	0.0843217	0.5320307	0.50616302	0.76824631	0.04419822	0.73437907	0.48429633	0.85428696	0.03860466	0.17201603	0.48224782	0.57301368	21.188	1854.79	1	ok	baseline
2026-10-06T04:12:15.649349+07:00	cd7a750	random	Seeded random scores establish the chance baseline.			0.09551243		0.09499269	0.08607595	0.08607595	0.49724205	0.49599243	0.1011236	0.09550562	0.49786936	0.49634314	0.09933775	0.09933775	0.48047032	0.480842	0.09550562	0.10674157	0.4994907	0.50036939	0.11139241	0.11255696	0.48291298	0.48230003	52.691	1867.54	0	ok	baseline
2026-10-06T04:12:15.652568+07:00	cd7a750	road_class	Road class rank is a reporting-bias-only baseline.			0.0557082		0.07842246	0.03860466	0.17201603	0.48224782	0.57301368	0.04419822	0.73437907	0.48429633	0.85428696	0.0843217	0.5320307	0.50616302	0.76824631	0.04419822	0.73437907	0.48429633	0.85428696	0.03860466	0.17201603	0.48224782	0.57301368	21.283	1867.54	1	ok	baseline
2026-10-06T04:14:42.874321+07:00	cd7a750	random	Seeded random scores establish the chance baseline.			0.09551243		0.09499269	0.08607595	0.08607595	0.49724205	0.49599243	0.1011236	0.09550562	0.49786936	0.49634314	0.09933775	0.09933775	0.48047032	0.480842	0.09550562	0.10674157	0.4994907	0.50036939	0.11139241	0.11255696	0.48291298	0.48230003	50.123	1468.68	0	ok	baseline
2026-10-06T04:15:04.563810+07:00	cd7a750	road_class	Road class rank is a reporting-bias-only baseline.			0.0557082		0.07842246	0.03860466	0.17201603	0.48224782	0.57301368	0.04419822	0.73437907	0.48429633	0.85428696	0.0843217	0.5320307	0.50616302	0.76824631	0.04419822	0.73437907	0.48429633	0.85428696	0.03860466	0.17201603	0.48224782	0.57301368	21.327	1484.36	1	ok	baseline
2026-10-06T04:24:12.076578+07:00	e2c6ba8	random	Seeded random scores establish the chance baseline.	0.09753504	[0.07792393069732496, 0.12305078141802166]	0.09551243	[0.07893094261207775, 0.12416738408241271]	0.09499269	0.08607595	0.08607595	0.49724205	0.49599243	0.10112360	0.09550562	0.49786936	0.49634314	0.09933775	0.09933775	0.48047032	0.48084200									3.158	992.63	0	ok	baseline
2026-10-06T04:26:18.946018+07:00	e2c6ba8	random	Seeded random scores establish the chance baseline.	0.09753504	[0.0735258040472295, 0.1218030313876453]	0.09551243	[0.07295931797467098, 0.12131253330017835]	0.09499269	0.08607595	0.08607595	0.49724205	0.49599243	0.10112360	0.09550562	0.49786936	0.49634314	0.09933775	0.09933775	0.48047032	0.48084200									94.391	992.45	0	ok	baseline
2026-10-06T04:26:46.617743+07:00	e2c6ba8	random	Seeded random scores establish the chance baseline.	0.09753504	[0.07597688084587868, 0.12273193328944065]	0.09551243	[0.07361073618158374, 0.12264009073032922]	0.09499269	0.08607595	0.08607595	0.49724205	0.49599243	0.10112360	0.09550562	0.49786936	0.49634314	0.09933775	0.09933775	0.48047032	0.48084200									10.791	991.15	0	ok	baseline
2026-10-06T04:27:00.755804+07:00	e2c6ba8	elev_low	Lowest FABDEM route elevation baseline.	0.15435409	[0.12518816150990741, 0.18231516890038846]	0.12535286	[0.098785627070027, 0.14733940640675808]	0.16843512	0.05569620	0.06329114	0.47410991	0.48633770	0.08426966	0.12359551	0.53287901	0.56778619	0.23609272	0.27814570	0.73166226	0.75664619									13.278	991.45	1	ok	baseline
2026-10-06T04:27:09.638426+07:00	e2c6ba8	near_water	Proximity to any OSM water feature baseline.	0.17061839	[0.14456758197613032, 0.19802564517967255]	0.15821110	[0.14137419430977624, 0.17860497552587867]	0.20133102	0.09873376	0.10585240	0.48320726	0.49713211	0.10386670	0.15961597	0.55643278	0.62479165	0.27203285	0.36666408	0.77529333	0.82068681									8.003	991.17	1	ok	baseline
2026-10-06T04:27:19.579775+07:00	e2c6ba8	road_class	Road class rank is a reporting-bias-only baseline.	0.08800038	[0.07290449375408747, 0.10444665189763529]	0.05570820	[0.04624114916666254, 0.06356308539901222]	0.07842246	0.03860466	0.17201603	0.48224782	0.57301368	0.04419822	0.73437907	0.48429633	0.85428696	0.08432170	0.53203070	0.50616302	0.76824631									9.073	990.97	1	ok	baseline
2026-10-06T04:27:28.504351+07:00	e2c6ba8	builtup	Built-up fraction baseline for dense-settlement reporting bias.	0.07887046	[0.06364416037711265, 0.09725404413692372]	0.17123730	[0.14722563062727884, 0.19179319915077372]	0.09153271	0.30231224	0.30327167	0.76432296	0.76608593	0.15383895	0.22471910	0.70008736	0.73486984	0.05756071	0.07284768	0.52471730	0.55873630									8.063	992.65	1	ok	baseline
2026-10-06T04:27:46.793687+07:00	e2c6ba8	logreg_design	Regularized logistic regression on the design section 4.2 inputs.	0.21786836	[0.17508931512070638, 0.24877007076513558]	0.39054995	[0.3508821670539456, 0.419918873151791]	0.30133590	0.31139241	0.30379747	0.75316717	0.75791223	0.33707865	0.75842697	0.75781617	0.88105988	0.52317881	0.72847682	0.86047132	0.92015406									17.420	999.22	22	ok	baseline
2026-10-06T04:28:00.154877+07:00	e2c6ba8	lgbm_design	Small strongly regularized LightGBM on design section 4.2 inputs.	0.24657158	[0.20767966240958127, 0.2903375307648907]	0.35300883	[0.3146088527690208, 0.38744148367855624]	0.26516910	0.30632911	0.31898734	0.70666594	0.70618579	0.30898876	0.47191011	0.73510528	0.81745677	0.44370861	0.65562914	0.82299250	0.90007889									12.482	1007.54	22	ok	baseline
2026-10-06T04:28:16.733372+07:00	e2c6ba8	lgbm_all	Regularized LightGBM using all raw route features.	0.32113692	[0.2821142014409225, 0.3547283317682053]	0.49682372	[0.4593044691233369, 0.5359574360534536]	0.40025598	0.43797468	0.41518987	0.81089448	0.80534296	0.41011236	0.69101124	0.80255496	0.90392976	0.64238411	0.74834437	0.87893766	0.93147878									15.709	1050.96	124	ok	baseline
2026-10-06T04:28:33.401624+07:00	e2c6ba8	lgbm_all_cityrank	Regularized LightGBM using city-rank features and road class.	0.30385455	[0.2759717953572369, 0.33717079094379576]	0.46301967	[0.433685292631842, 0.5026084753015894]	0.38214705	0.41822785	0.42278481	0.80300303	0.79826233	0.34831461	0.62921348	0.78748219	0.88151656	0.62251656	0.75496689	0.87683658	0.92931434									15.782	1052.93	123	ok	baseline
2026-10-06T04:28:49.662860+07:00	e2c6ba8	lgbm_phys_cityrank	LightGBM on city-rank terrain, water and non-built-up land cover only.	0.33053745	[0.29853672854652197, 0.37110453846306]	0.45802747	[0.4205727808070409, 0.4979459545758094]	0.36358015	0.42151899	0.46151899	0.80095302	0.81299085	0.37640449	0.62359551	0.78995898	0.88148874	0.57615894	0.66225166	0.86545053	0.90417832									15.389	1006.22	100	ok	baseline
2026-10-06T04:29:05.354934+07:00	e2c6ba8	exposure_only	Reporting exposure alone explains route labels, without physical flood signals.	0.12379456	[0.09364830788783698, 0.1522376440443661]	0.21944341	[0.19400973534737206, 0.2634199919749906]	0.20979092	0.20000000	0.26582278	0.75085210	0.75748255	0.14044944	0.42696629	0.74530619	0.84910783	0.31788079	0.67549669	0.71885969	0.85901518									14.818	995.57	11	ok	baseline
2026-10-06T04:34:21.265905+07:00	e2c6ba8	pu_bagging	Bagging positive-unlabeled LightGBM models can reduce noisy negative labels.	0.29975526	[0.2711522638783841, 0.33183442578326255]	0.43292894	[0.3955197027167294, 0.4714148480883932]	0.36965853	0.43291139	0.47088608	0.78976468	0.79978163	0.34269663	0.54494382	0.77917085	0.86245862	0.52317881	0.61589404	0.84029107	0.87519810									14.795	1071.63	100	ok	discard	-0.03048 [-0.06413,-0.00362],P=0.010
2026-10-06T04:35:28.202215+07:00	e2c6ba8	exposure_matched	Matching unlabeled negatives on exposure should reveal signal beyond reporting opportunity.	0.24208668	[0.21074694046516798, 0.2750345207270357]	0.28217299	[0.2547782109613591, 0.31713576315924147]	0.26774369	0.20759494	0.24556962	0.67459989	0.69250835	0.24157303	0.41011236	0.68940174	0.79362062	0.39735099	0.50993377	0.82828072	0.85824430									11.894	1059.46	100	ok	discard	-0.08708 [-0.12120,-0.04755],P=0.000
2026-10-06T04:35:57.772614+07:00	e2c6ba8	exposure_nuisance	Replacing exposure predictors by training medians at prediction time removes learned reporting bias.	0.28218369	[0.2511061349878165, 0.32555812590285277]	0.32704927	[0.29995826649750096, 0.3736893198930124]	0.33476192	0.19392405	0.22784810	0.70330228	0.72281992	0.26404494	0.55617978	0.73283504	0.84250012	0.52317881	0.65562914	0.84995732	0.88416850									15.898	1069.32	124	ok	discard	-0.04718 [-0.08059,-0.01375],P=0.000
2026-10-06T04:36:24.283430+07:00	e2c6ba8	monotone_phys	Monotone physical constraints should keep susceptibility directions coherent across cities.	0.29196243	[0.26777825370018554, 0.3335682610878409]	0.44013827	[0.41443340874832774, 0.47706179398519893]	0.36204666	0.39493671	0.37974684	0.79197788	0.78339783	0.34269663	0.60674157	0.79118424	0.88268441	0.58278146	0.74172185	0.87370791	0.92787820									16.159	1056.87	123	ok	discard	-0.03712 [-0.06782,-0.00352],P=0.010
2026-10-06T04:36:45.950923+07:00	e2c6ba8	compact_fab	A compact FABDEM physical feature set should reduce noise from duplicate raster predictors.	0.23048147	[0.19706853015799158, 0.26225790436738217]	0.37317628	[0.33531588427534575, 0.4100714739173066]	0.28945821	0.31645570	0.26075949	0.71464200	0.70076973	0.28651685	0.54494382	0.74531739	0.84531725	0.51655629	0.70198675	0.85117951	0.91763571									11.991	1056.33	18	ok	discard	-0.09695 [-0.13042,-0.05439],P=0.000
2026-10-06T04:37:21.587714+07:00	e2c6ba8	logreg_phys_cityrank	Regularized linear susceptibility on physical city-rank features should transfer with less variance.	0.27039588	[0.2372505873547076, 0.30579016280156973]	0.38997332	[0.3527045562650175, 0.41990353897890853]	0.32578247	0.39493671	0.42531646	0.77604833	0.78676441	0.25842697	0.50561798	0.74627778	0.85005259	0.51655629	0.68874172	0.86767601	0.90793680									25.272	1102.95	100	ok	discard	-0.05909 [-0.09949,-0.03416],P=0.000
2026-10-06T04:37:58.267148+07:00	e2c6ba8	spline_phys	Spline-binned physical city-rank inputs may capture nonlinear flood thresholds without a large tree ensemble.	0.26707671	[0.23620489739071027, 0.3033534248988161]	0.32291545	[0.290891723125873, 0.3597716875407961]	0.30044460	0.22025316	0.26582278	0.69284850	0.70996831	0.25842697	0.50000000	0.74002569	0.83761187	0.49006623	0.60264901	0.84189579	0.88330371									26.744	1385.81	100	ok	discard	-0.06085 [-0.10504,-0.01689],P=0.000
2026-10-06T04:38:38.716014+07:00	e2c6ba8	rank_ensemble	A rank average of linear and tree physical scorers can balance robustness and nonlinear signal.	0.30329145	[0.269040008251066, 0.3394087159890777]	0.43126615	[0.3942195099877772, 0.46395050710461366]	0.36456327	0.42025316	0.45569620	0.80044153	0.81177583	0.32387640	0.60112360	0.77671582	0.87531890	0.54966887	0.72847682	0.87764108	0.91386083									28.086	1138.62	100	ok	discard	-0.02676 [-0.06147,0.00069],P=0.030
2026-10-06T04:39:01.312127+07:00	e2c6ba8	shallow_phys	A shallower regularized physical LightGBM should avoid fitting city-specific reporting structure.	0.30126884	[0.2742260371367043, 0.3462066422651123]	0.41830405	[0.39142101409619906, 0.46346697752589205]	0.34724878	0.42936709	0.48101266	0.79688105	0.80903956	0.30898876	0.55617978	0.77499661	0.86438714	0.51655629	0.60264901	0.84704316	0.88376380									12.339	1004.52	100	ok	discard	-0.03191 [-0.05917,-0.00966],P=0.000
2026-10-06T04:39:52.755408+07:00	e2c6ba8	extratrees_phys	ExtraTrees on physical city-rank features may model threshold interactions with lower variance than boosting.	0.28535291	[0.25639594347705824, 0.3259209075042314]	0.39822123	[0.3584681988594816, 0.43953188504833374]	0.33000135	0.35949367	0.36455696	0.72931673	0.73954582	0.29775281	0.55617978	0.76149374	0.85810249	0.53741722	0.62251656	0.80492122	0.83578786									41.399	1138.64	100	ok	discard	-0.04451 [-0.06988,-0.01272],P=0.010
2026-10-06T04:41:16.712694+07:00	e2c6ba8	histgb_phys	Histogram gradient boosting on physical city-rank features may learn smooth transfer thresholds.	0.28514661	[0.25869763532234885, 0.3209703236345631]	0.42276742	[0.38151931229813857, 0.45981114305207177]	0.33602636	0.41265823	0.46835443	0.79722328	0.80943385	0.32584270	0.56741573	0.77312855	0.86711408	0.52980132	0.63576159	0.85405623	0.89490347									73.621	1154.77	100	ok	discard	-0.04534 [-0.06982,-0.02454],P=0.000
2026-10-06T04:41:42.619856+07:00	e2c6ba8	terrain_water_only	Removing all land-cover inputs tests whether hydrologic terrain alone transfers beyond urban exposure.	0.29752634	[0.26430996849964034, 0.3307161983370397]	0.40818017	[0.37213635797067735, 0.4433591854175909]	0.34542557	0.40000000	0.43291139	0.78337267	0.79790593	0.31460674	0.55056180	0.75782162	0.85881771	0.50993377	0.64238411	0.85479247	0.89237722									15.237	1004.32	88	ok	discard	-0.03304 [-0.05982,-0.00595],P=0.010
